<?xml version="1.0" encoding="UTF-8"?>
<project-private xmlns="http://www.netbeans.org/ns/project-private/1">
    <editor-bookmarks xmlns="http://www.netbeans.org/ns/editor-bookmarks/2" lastBookmarkId="0"/>
    <open-files xmlns="http://www.netbeans.org/ns/projectui-open-files/2">
        <group>
            <file>file:/C:/xampp/htdocs/Project_v1/javaScript/ExoticsJs.js</file>
            <file>file:/C:/xampp/htdocs/Project_v1/javaScript/owners.js</file>
            <file>file:/C:/xampp/htdocs/Project_v1/javaScript/pets.js</file>
            <file>file:/C:/xampp/htdocs/Project_v1/user.php</file>
            <file>file:/C:/xampp/htdocs/Project_v1/pets.php</file>
            <file>file:/C:/xampp/htdocs/Project_v1/javaScript/DogsJs.js</file>
            <file>file:/C:/xampp/htdocs/Project_v1/collect.php</file>
            <file>file:/C:/xampp/htdocs/Project_v1/javaScript/catsssJs.js</file>
            <file>file:/C:/xampp/htdocs/Project_v1/owners.php</file>
            <file>file:/C:/xampp/htdocs/Project_v1/index.php</file>
        </group>
    </open-files>
</project-private>
